{"cameraMode":{"drawMode":0,"name":"Shaded","section":"Shading Mode"},"sceneLighting":true,"audioPlay":false,"sceneViewState":{"showFog":true,"showMaterialUpdate":true,"showSkybox":true,"showFlares":true,"showImageEffects":true,"showParticleSystems":true},"in2DMode":false,"pivot":{"x":2.263136386871338,"y":-1.014380693435669,"z":-15.156661987304688},"rotation":{"x":-0.0033607666846364738,"y":-0.9965621829032898,"z":0.06467770785093308,"w":-0.05176086723804474},"size":10.0,"orthographic":false}