{"cameraMode":{"drawMode":0,"name":"Shaded","section":"Shading Mode"},"sceneLighting":true,"audioPlay":false,"sceneViewState":{"showFog":true,"showMaterialUpdate":true,"showSkybox":true,"showFlares":true,"showImageEffects":true,"showParticleSystems":true},"in2DMode":false,"pivot":{"x":399.3831787109375,"y":-34.27703857421875,"z":-7.27825927734375},"rotation":{"x":0.039299070835113528,"y":0.007804492954164743,"z":-0.0003076888096984476,"w":0.9992044568061829},"size":134.80931091308595,"orthographic":false}